pdbid	uniprot
5S8I_2LY	Q8WWQ0
5SAK_ZRY	P11838
5SB2_1K2	Q08345
5SD5_HWI	P9WNX1
5SIS_JSM	Q9Y233
6M2B_EZO	Q02127
6M73_FNR	I6SYK8
6T88_MWQ	Q8CVD0
6TW5_9M2	A5K1A2
6TW7_NZB	Q4Q5S8
6VS3_R6V	O60674
6VTA_AKN	Q52424
6W59_SZD	Q4DJ68
6WTN_RXT	O60674
6X8D_ARA	A1YIY3
6XAF_GDP	Q5S007
6XBO_5MC	Q61420
6XCT_478	P00791
6XG5_TOP	P0ABQ4
6XHT_V2V	Q2G1C0
6XM9_V55	G2IQT9
6XUM_30L	P15121
6Y7L_QMG	Q9H8M2
6YDY_K73	P00760
6YJA_2BA	O31698
6YMS_OZH	P43133
6YQV_8K2	P09945
6YQW_82I	Q9H8M2
6YR2_T1C	P0ACT4
6YRV_PJ8	A0A248QE08
6YSP_PAL	P49077
6YT6_PKE	Q05397
6YYO_Q1K	P25774
6Z0R_Q4H	B1MHW4
6Z14_Q4Z	D4QAP5
6Z1C_7EY	Q08467
6Z2C_Q5E	P80188
6Z4N_Q7B	P0A1E3
6Z5Z_BDF	A0A0S4TLR1
6ZAE_ACV	P05326
6ZC3_JOR	Q92997
6ZCY_QF8	P43405
6ZK5_IMH	B6T563
6ZPB_3D1	A0A8I3AZS8
6ZR8_QOZ	P00918
6ZT2_QPK	Q9BPX1
6ZX3_QRZ	P11172
6ZXQ_IMO	P56137
7A1P_QW2	Q9NWT6
7A9E_R4W	P28720
7A9H_TPP	P9WNS3
7AA0_R6B	P29373
7AFX_R9K	Q9K2N0
7AKL_RK5	Q13627
7AMC_73B	A0A5K4ESD7
7AN5_RDH	Q9L0T8
7AS1_21G	C3W5X5
7AVI_S2Q	Q07889
7B0E_C2E	Q9A5E6
7B94_ANP	Q02750
7BA0_T5H	Q13451
7BCP_GCO	R4JTF7
7BHX_TO5	P31153
7BJ6_TVK	Q00987
7BJJ_TVW	O14757
7BKA_4JC	O33877
7BLA_WCS	Q9UIF9
7BLG_GAL	Q8A3D9
7BNH_BEZ	A0A133QQ41
7BTT_F8R	Q9UM73
7C0U_FGO	Q5SLB4
7C3U_AZG	Q82Y41
7C6P_SQH	O60885
7CD9_FVR	Q15047
7CIJ_G0C	A0A0G4DBU7
7CL8_TES	Q82GL5
7CNQ_G8X	A0A083ZM39
7CTM_BDP	Q9WZL1
7D5C_GV6	P09436
7D8Q_GZF	Q7A4T2
7D9L_GSF	P0AC59
7DIN_MPO	Q9NLB2
7DKT_GLF	F6BL85
7DQL_4CL	P0AES6
7DUA_HJ0	P07949
7E2S_BLA	P72583
7E4L_MDN	Q9WYP6
7EBG_J0L	Q16654
7ECR_SIN	T2D1F5
7ED2_A3P	A0QVP7
7ELT_TYM	P9WFT3
7EN7_J79	P77245
7EPV_FDA	A0A3T0V9Y5
7ES1_UDP	Q0DPB7
7F51_BA7	P53686
7F5D_EUO	Q12830
7F8T_FAD	Q8PYK9
7FB7_8NF	Q96T88
7FHA_ADX	O95340
7FRX_O88	P30613
7FT9_4MB	O00560
7JG0_GAR	P22102
7JGW_V9S	Q07817
7JHQ_VAJ	Q6XEC0
7JMV_4NC	A0A175WC91
7JNB_A2G	A0A0H2YN38
7JR8_VH7	O60760
7JUD_MMA	P22897
7JXX_VP7	Q5TCY1
7K0V_VQP	P15056
7K41_VUA	Q89ZI2
7KB1_WBJ	Q9WZY4
7KC5_BJZ	P20701
7KFO_IAC	C5CSP2
7KLX_WOV	P18031
7KM8_WPD	A0PQG8
7KP6_WTP	Q07912
7KRU_ATP	P0A6Y8
7L00_XCJ	A0A031WIF2
7L5F_XNG	P0CJ63
7L6D_BMF	P25440
7L7C_XQ1	P0AEG4
7L81_UD4	Q1QD33
7LB3_XXS	P21675
7LCU_XTA	P09958
7LJN_GTP	Q89Y83
7LOE_Y84	P00720
7LOU_IFM	P18177
7LT0_ONJ	P07900
7LZD_YHY	Q9BYW2
7LZQ_YJV	P41182
7M31_TDR	Q28943
7M3H_YPV	A0A4U3MLJ4
7M41_YQG	Q8TDQ0
7M6K_YRJ	Q6IDD9
7MAE_XUS	P03367
7MEU_MGP	P06730
7MFP_Z7P	Q5UPL1
7MGT_ZD4	O83774
7MGY_ZD1	Q9L1K2
7MMH_ZJY	A0A0B4WYC6
7MOI_HPS	Q9ZVN4
7MRH_ZMJ	Q58F21
7MS7_ZQ1	P45974
7MWU_ZPM	P09546
7MY1_IPE	P72683
7MYU_ZR7	P56817
7MZS_GLA	A0A2X2BLR9
7N03_ZRP	P36639
7N4N_0BK	Q9Y5Z0
7N4W_P4V	A0A0F6AY66
7N6F_0I1	Q9Y6A2
7N7B_T3F	C5ZW02
7N7H_CTP	A7RNF3
7NA4_1I9	Q00987
7NB4_U6Q	Q07820
7NF0_BYN	G9NLP8
7NF3_4LU	A2QHE5
7NGW_UAW	P9WMC1
7NLK_UHK	Q02RJ6
7NLV_UJE	P22629
7NML_I7B	P09382
7NP6_UK8	P51449
7NPL_UKZ	P01009
7NR6_UO8	Q9NV35
7NR8_UOE	P28482
7NSW_HC4	Q1R0W5
7NTG_F6R	Q6MPU9
7NU0_DCL	B4RNT1
7NUT_GLP	Q9Y303
7NXO_UU8	P54687
7O0N_CDP	Q1CVJ4
7O1T_5X8	Q9X0Z6
7OCB_V88	Q9Y657
7ODX_DGP	A0A7U3TBV6
7ODY_DGI	A0A7U3TBV3
7OEO_V9Z	O60885
7OFF_VCB	Q9Z2X8
7OKC_VFE	C3TPH2
7OKF_VH5	P41182
7OLI_8HG	Q9UZY0
7OLT_58J	Q5AR53
7OMJ_GCP	Q2FZ89
7OMX_CNA	A0A0B0SG80
7OP9_06K	P56463
7OPG_06N	P49759
7ORW_7WA	P0DTD1
7OSO_0V1	B2VCC3
7OU8_1XI	Q89ZI2
7OZ9_NGK	Q8A397
7OZC_G6S	Q8A346
7P1F_KFN	Q0CMX0
7P1M_4IU	O00214
7P2I_MFU	A0A0S4TLR1
7P2W_4QR	P0AES6
7P4C_5OV	B3PEE6
7P4J_5JK	Q64610
7P4V_DAT	A0A8M0FGU9
7P5T_5YG	P9WPL5
7P85_5ZG	P0A434
7PA4_C	P21589
7PGX_FMN	O49003
7PJQ_OWH	Q96MU7
7PK0_BYC	Q2KIR7
7PL1_SFG	Q9UBP6
7POM_7VZ	Q16790
7PRI_7TI	A0A3Q0KSG2
7PRM_81I	Q99685
7PT3_3KK	P0DUV9
7PUV_84Z	O43570
7Q19_DSM	P02754
7Q25_8J9	P12821
7Q27_8KC	P12821
7Q2B_M6H	Q79FX8
7Q5I_I0F	P00489
7QE4_NGA	F2UID9
7QFM_AY3	P11309
7QGP_DJ8	O94804
7QHG_T3B	P53671
7QK0_EBL	P41182
7QPP_VDX	P11473
7QTA_URI	P24021
7R3D_APR	P0A9S1
7R59_I5F	Q9UGN5
7R6J_2I7	G0SFD1
7R7R_AWJ	Q9UM73
7R9N_F97	Q92918
7RC3_SAH	A0A2S0PEL5
7REE_4LY	O60674
7RH3_59O	P17931
7RH8_UTP	Q59QT3
7RKW_5TV	A0A2H4A2U9
7ROR_69X	Q8IAR7
7ROU_66I	P54577
7RPZ_6IC	P01116
7RSV_7IQ	Q8NEB9
7RUI_7QZ	O60885
7RWO_7WN	Q12830
7RWS_4UR	A0A1E7G0A2
7S45_ACO	A0A8M0FGV6
7S9H_7PP	P07900
7SDD_4IP	Q5ZRR1
7SED_8VD	P22087
7SGV_L30	P0DTC1
7SIU_9ID	Q92918
7SNE_9XR	P04977
7SSM_B7L	Q86WV6
7T0U_E3I	P41182
7T1D_E7K	Q5RBF1
7T2I_E9F	P21675
7T3E_SLB	Q6LPV9
7T3F_EM0	O60885
7T9O_GEI	P12497
7TB0_UD1	A0A133CTP6
7TBU_S3P	Q5AME2
7TH4_FFO	Q5SLG6
7THI_PGA	P07738
7TM6_GPJ	A0A0H3GV01
7TOM_5AD	Q58036
7TS6_KMI	P29475
7TSF_H4B	P29476
7TUO_KL9	Q96RU2
7TWC_CXS	A0A2U2H2N4
7TXK_LW8	A0A0H2ZQB9
7TXP_0FX	A0A334FGR6
7TYP_KUR	Q15562
7U3J_L6U	Q8IVV7
7UAS_MBU	P61964
7UAW_MF6	P0DW58
7UEY_N0R	Q9H999
7UF2_5SP	Q9KKP2
7UJ4_OQ4	O00255
7UJ5_DGL	K2K6A3
7UJF_R3V	P03372
7ULC_56B	D1C7A6
7UMV_NUU	Q9Y6W6
7UMW_NAD	P0AEK4
7UP3_NZ0	E9NWK5
7UQ3_O2U	Q8N371
7USH_82V	P25440
7UTW_NAI	P00327
7UXS_OJC	J8G6Z1
7UY4_SMI	W8FS12
7UYB_OK0	Q9XAY4
7V14_ORU	P03951
7V3N_AKG	A0A9Y2YA89
7V3S_5I9	P08581
7V43_C4O	A0A088FL33
7V8Z_5YH	Q9R194
7VB8_STL	A0A1B6PFV1
7VBU_6I4	Q15119
7VC5_9SF	A0A7J6JUK2
7VJT_7IJ	I6X8D2
7VKZ_NOJ	I0AIT9
7VQ9_ISY	Q8TPS4
7VWF_K55	Q03181
7VYJ_CA0	Q84G19
7W05_GMP	B1Q4V2
7W06_ITN	A0A0H3B558
7W6F_8I6	I6WU39
7WCF_ACP	Q5ZSZ6
7WDT_NGS	D4QAP5
7WJB_BGC	A2RM80
7WKL_CAQ	A0A1S9DW14
7WL4_JFU	O60885
7WN5_JGL	P25440
7WPW_F15	P05413
7WUY_76N	A0A1R3S1W7
7WY1_D0L	P14779
7X5N_5M5	I3U4H4
7X9K_8OG	P08337
7XBV_APC	A6YEH8
7XEK_9YX	O32164
7XFA_D9J	P17931
7XG5_PLP	Q0C8G1
7XI7_4RI	P00374
7XIJ_EJ3	Q92793
7XJN_NSD	Q9KS37
7XPO_UPG	C0HI30
7XQZ_FPF	A0A2P2GK84
7YZU_DO7	A9CEY9
7Z1Q_NIO	A0A3Q7HTY9
7Z2O_IAJ	Q460N3
7Z7F_IF3	Q9Y5A9
7ZCC_OGA	P46327
7ZDY_6MJ	R4NX63
7ZF0_DHR	Q9SBL1
7ZHP_IQY	Q5TCY1
7ZL5_IWE	P00915
7ZOC_T8E	Q46085
7ZU2_DHT	P10275
7ZXV_45D	P74102
7ZXZ_K9R	P22629
7ZYS_KNR	Q32ZE1
7ZZB_KGX	Q8Y8D7
7ZZW_KKW	Q92769
8A1H_DLZ	Q9KLD7
8A2D_KXY	P00533
8AAU_LH0	P53667
8ACL_LQL	P0DTD1
8AEM_LVF	P68400
8AEU_M0L	Q00987
8AIE_M7L	D5EHC5
8AIJ_M9I	Q9HYN5
8AJX_FUM	P17117
8AP0_PRP	A0A5S9CYM0
8AQL_PLG	P34897
8AUH_L9I	Q9R9V9
8B8H_OJQ	P9WQA9
8BN6_R53	Q9I7C2
8BOM_QU6	P29317
8BPL_CP	G0S583
8BRO_R7E	B4EH86
8BTI_RFO	Q6P988
8C5D_GTB	P19157
8C5M_MTA	P0DTD1
8C7Y_TXV	P15056
8CGC_LMR	P07333
8CI0_8EL	Q7SIC9
8CNH_V6U	Q96PN6
8CSD_C5P	Q6U8B0
8D19_GSH	O43813
8D39_QDB	Q2IU02
8D5D_5DK	Q8ZNC4
8DHG_T78	Q02127
8DKO_TFB	F7X6I3
8DSC_NCA	P43490
8DZT_G4P	Q9NR31
8E77_ULP	Q1QD54
8EAD_UY0	O60885
8ERS_WQO	P0DTD1
8EX2_Q2Q	O60674
8EXL_799	P42336
8EYE_X4I	O96935
8F8E_XJI	Q9Y4B6
8FAV_4Y5	P51449
8FLN_Y7W	Q06187
8FLV_ZB9	Q06187
8FV9_80J	P0A7E5
8G0V_YHT	J9VFT1
8G43_ZU6	Q9UBN7
8G6P_API	G7CMG5
8GFD_ZHR	A0A3I4HTM2
8H0M_2EH	A0A024AX32
8HFN_XGC	A0QZY0
8HO0_3ZI	A0A8I3B027
8SLG_G5A	G7CIG9
7C8Q_DSG	A0A2V2HLK7
7D6O_MTE	P80457
7KZ9_XN7	A0A1H3V8R8
7RZL_NPO	A0A3E1QXW7
8DP2_UMA	Q9HVZ9
8DW5_FQ7	P02766
8EAB_VN2	P26718
